<?xml version="1.0" standalone="yes"?>
<aanmeldingen>
   <aanmelding>
    <spelervoornaam>Ensar</spelervoornaam>
    <spelerachternaam>Efe</spelerachternaam>
    <schoolnaam>ROC de Leijgraaf</schoolnaam>
    <spelertussenvoegsels></spelertussenvoegsels>
   </aanmelding>
   <aanmelding>
    <spelervoornaam>Kerim</spelervoornaam>
    <spelerachternaam>Aldouid</spelerachternaam>
    <schoolnaam>ROC de Leijgraaf</schoolnaam>
    <spelertussenvoegsels></spelertussenvoegsels>
   </aanmelding>
   <aanmelding>
    <spelervoornaam>Thijs</spelervoornaam>
    <spelerachternaam>Thijssen</spelerachternaam>
    <schoolnaam>ROC de Leijgraaf</schoolnaam>
    <spelertussenvoegsels></spelertussenvoegsels>
   </aanmelding>
   <aanmelding>
    <spelervoornaam>Job</spelervoornaam>
    <spelerachternaam>Hilgerdenaar</spelerachternaam>
    <schoolnaam>ROC de Leijgraaf</schoolnaam>
    <spelertussenvoegsels></spelertussenvoegsels>
   </aanmelding>
   <aanmelding>
    <spelervoornaam>Giel</spelervoornaam>
    <spelerachternaam>Broens</spelerachternaam>
    <schoolnaam>ROC de Leijgraaf</schoolnaam>
    <spelertussenvoegsels></spelertussenvoegsels>
   </aanmelding>
   <aanmelding>
    <spelervoornaam>Beau</spelervoornaam>
    <spelerachternaam>Dinnissen</spelerachternaam>
    <schoolnaam>ROC de Leijgraaf</schoolnaam>
    <spelertussenvoegsels></spelertussenvoegsels>
   </aanmelding>
   <aanmelding>
    <spelervoornaam>Sam</spelervoornaam>
    <spelerachternaam>Kertens</spelerachternaam>
    <schoolnaam>ROC de Leijgraaf</schoolnaam>
    <spelertussenvoegsels></spelertussenvoegsels>
   </aanmelding>
   <aanmelding>
    <spelervoornaam>Robin</spelervoornaam>
    <spelerachternaam>Rijckevorsel</spelerachternaam>
    <schoolnaam>ROC de Leijgraaf</schoolnaam>
    <spelertussenvoegsels>van</spelertussenvoegsels>
   </aanmelding>
   <aanmelding>
    <spelervoornaam>Bart</spelervoornaam>
    <spelerachternaam>Assen</spelerachternaam>
    <schoolnaam>ROC de Leijgraaf</schoolnaam>
    <spelertussenvoegsels>van</spelertussenvoegsels>
   </aanmelding>
</aanmeldingen>
