<?xml version="1.0" standalone="yes"?>
<aanmeldingen>
  <aanmelding>
    <spelervoornaam>Ahmed</spelervoornaam>
    <spelerachternaam>Abdeloid</spelerachternaam>
    <schoolnaam>ROC van Amsterdam</schoolnaam>
    <spelertussenvoegsels></spelertussenvoegsels>
  </aanmelding>
  <aanmelding>
    <spelervoornaam>Kim</spelervoornaam>
    <spelerachternaam>Lavrijssen</spelerachternaam>
    <schoolnaam>ROC van Amsterdam</schoolnaam>
    <spelertussenvoegsels></spelertussenvoegsels>
  </aanmelding>
  <aanmelding>
    <spelervoornaam>Trung</spelervoornaam>
    <spelerachternaam>Nguyen</spelerachternaam>
    <schoolnaam>ROC van Amsterdam</schoolnaam>
    <spelertussenvoegsels></spelertussenvoegsels>
  </aanmelding>
  <aanmelding>
    <spelervoornaam>Tak</spelervoornaam>
    <spelerachternaam>Shun Wong</spelerachternaam>
    <schoolnaam>ROC van Amsterdam</schoolnaam>
    <spelertussenvoegsels></spelertussenvoegsels>
  </aanmelding>
  <aanmelding>
    <spelervoornaam>Karel</spelervoornaam>
    <spelerachternaam>Nijmegen</spelerachternaam>
    <schoolnaam>ROC van Amsterdam</schoolnaam>
    <spelertussenvoegsels>van</spelertussenvoegsels>
  </aanmelding>
  <aanmelding>
    <spelervoornaam>Paul</spelervoornaam>
    <spelerachternaam>Janssen</spelerachternaam>
    <schoolnaam>ROC van Amsterdam</schoolnaam>
    <spelertussenvoegsels></spelertussenvoegsels>
  </aanmelding>
  <aanmelding>
    <spelervoornaam>Sanne</spelervoornaam>
    <spelerachternaam>Kuijpers</spelerachternaam>
    <schoolnaam>ROC van Amsterdam</schoolnaam>
    <spelertussenvoegsels></spelertussenvoegsels>
  </aanmelding>
  <aanmelding>
    <spelervoornaam>Evi</spelervoornaam>
    <spelerachternaam>Meijers</spelerachternaam>
    <schoolnaam>ROC van Amsterdam</schoolnaam>
    <spelertussenvoegsels></spelertussenvoegsels>
  </aanmelding>
  <aanmelding>
    <spelervoornaam>Demi</spelervoornaam>
    <spelerachternaam>Groeneveldt</spelerachternaam>
    <schoolnaam>ROC van Amsterdam</schoolnaam>
    <spelertussenvoegsels></spelertussenvoegsels>
  </aanmelding>
</aanmeldingen>
