<?xml version="1.0" standalone="yes"?>
<aanmeldingen>
  <aanmelding>
    <spelervoornaam>Jan</spelervoornaam>
    <spelerachternaam>Jansen</spelerachternaam>
    <spelertussenvoegsels></spelertussenvoegsels>
    <schoolnaam>Summa College</schoolnaam>
  </aanmelding>
  <aanmelding>
    <spelervoornaam>Stan</spelervoornaam>
    <spelerachternaam>Blankers</spelerachternaam>
    <spelertussenvoegsels></spelertussenvoegsels>
    <schoolnaam>Summa College</schoolnaam>
  </aanmelding>
  <aanmelding>
    <spelervoornaam>Tim</spelervoornaam>
    <spelerachternaam>Vries</spelerachternaam>
    <spelertussenvoegsels>de</spelertussenvoegsels>
    <schoolnaam>Summa College</schoolnaam>
  </aanmelding>
  <aanmelding>
    <spelervoornaam>Timon</spelervoornaam>
    <spelerachternaam>Gastel</spelerachternaam>
    <spelertussenvoegsels>van</spelertussenvoegsels>
    <schoolnaam>Summa College</schoolnaam>
  </aanmelding>
  <aanmelding>
    <spelervoornaam>Ali</spelervoornaam>
    <spelerachternaam>Efe</spelerachternaam>
    <spelertussenvoegsels></spelertussenvoegsels>
    <schoolnaam>Summa College</schoolnaam>
  </aanmelding>
  <aanmelding>
    <spelervoornaam>Artun</spelervoornaam>
    <spelerachternaam>Elmali</spelerachternaam>
    <spelertussenvoegsels></spelertussenvoegsels>
    <schoolnaam>Summa College</schoolnaam>
  </aanmelding>
  <aanmelding>
    <spelervoornaam>Rebecca</spelervoornaam>
    <spelerachternaam>Vries</spelerachternaam>
    <spelertussenvoegsels>de</spelertussenvoegsels>
    <schoolnaam>Summa College</schoolnaam>
  </aanmelding>
  <aanmelding>
    <spelervoornaam>Monique</spelervoornaam>
    <spelerachternaam>Meesters</spelerachternaam>
    <spelertussenvoegsels></spelertussenvoegsels>
    <schoolnaam>Summa College</schoolnaam>
  </aanmelding>
  <aanmelding>
    <spelervoornaam>Kim</spelervoornaam>
    <spelerachternaam>Donkers</spelerachternaam>
    <spelertussenvoegsels></spelertussenvoegsels>
    <schoolnaam>Summa College</schoolnaam>
  </aanmelding>
  <aanmelding>
    <spelervoornaam>Larissa</spelervoornaam>
    <spelerachternaam>Scheepers</spelerachternaam>
    <spelertussenvoegsels></spelertussenvoegsels>
    <schoolnaam>Summa College</schoolnaam>
  </aanmelding>
  <aanmelding>
    <spelervoornaam>Brigit</spelervoornaam>
    <spelerachternaam>Dooremalen</spelerachternaam>
    <spelertussenvoegsels>van</spelertussenvoegsels>
    <schoolnaam>Summa College</schoolnaam>
  </aanmelding>
</aanmeldingen>
