<?xml version="1.0" standalone="yes"?>
<aanmeldingen>
  <aanmelding>
    <spelervoornaam>Piet</spelervoornaam>
    <spelerachternaam>Pietersen</spelerachternaam>
    <spelertussenvoegsels></spelertussenvoegsels>
    <schoolnaam>Koning Willem I College</schoolnaam>
  </aanmelding>
  <aanmelding>
    <spelervoornaam>Mohammed</spelervoornaam>
    <spelerachternaam>Oualiki</spelerachternaam>
    <spelertussenvoegsels></spelertussenvoegsels>
    <schoolnaam>Koning Willem I College</schoolnaam>
  </aanmelding>
  <aanmelding>
    <spelervoornaam>Susan</spelervoornaam>
    <spelerachternaam>Blankers</spelerachternaam>
    <spelertussenvoegsels></spelertussenvoegsels>
    <schoolnaam>Koning Willem I College</schoolnaam>
  </aanmelding>
  <aanmelding>
    <spelervoornaam>Iris</spelervoornaam>
    <spelerachternaam>Donkervorst</spelerachternaam>
    <spelertussenvoegsels></spelertussenvoegsels>
    <schoolnaam>Koning Willem I College</schoolnaam>
  </aanmelding>
  <aanmelding>
    <spelervoornaam>Ali</spelervoornaam>
    <spelerachternaam>Abdul</spelerachternaam>
    <spelertussenvoegsels></spelertussenvoegsels>
    <schoolnaam>Koning Willem I College</schoolnaam>
  </aanmelding>
  <aanmelding>
    <spelervoornaam>Steven</spelervoornaam>
    <spelerachternaam>Speelberg</spelerachternaam>
    <spelertussenvoegsels></spelertussenvoegsels>
    <schoolnaam>Koning Willem I College</schoolnaam>
  </aanmelding>
  <aanmelding>
    <spelervoornaam>Maarten</spelervoornaam>
    <spelerachternaam>Leest</spelerachternaam>
    <spelertussenvoegsels>van</spelertussenvoegsels>
    <schoolnaam>Koning Willem I College</schoolnaam>
  </aanmelding>
  <aanmelding>
    <spelervoornaam>Anton</spelervoornaam>
    <spelerachternaam>Teunnissen</spelerachternaam>
    <spelertussenvoegsels></spelertussenvoegsels>
    <schoolnaam>Koning Willem I College</schoolnaam>
  </aanmelding>
  <aanmelding>
    <spelervoornaam>Petra</spelervoornaam>
    <spelerachternaam>Jansen</spelerachternaam>
    <spelertussenvoegsels></spelertussenvoegsels>
    <schoolnaam>Koning Willem I College</schoolnaam>
  </aanmelding>
  <aanmelding>
    <spelervoornaam>Peter</spelervoornaam>
    <spelerachternaam>Kapteijns</spelerachternaam>
    <spelertussenvoegsels></spelertussenvoegsels>
    <schoolnaam>Koning Willem I College</schoolnaam>
  </aanmelding>
  <aanmelding>
    <spelervoornaam>Esra</spelervoornaam>
    <spelerachternaam>Elha</spelerachternaam>
    <spelertussenvoegsels></spelertussenvoegsels>
    <schoolnaam>Koning Willem I College</schoolnaam>
  </aanmelding>
</aanmeldingen>
